Model,MAE (degC),RMSE (degC)
M0 (mean),0.5106944919786107,0.5120989224924166
M1 (linear),0.04880935751441116,0.0554515195262581
M2 (MLP),0.08671475615055374,0.09512494091968761
